date	average
5/11/1974	337.6075714
5/18/1974	337.1434286
5/25/1974	335.5507857
6/1/1974	334.9351429
6/8/1974	335.4792143
6/15/1974	334.7967857
6/22/1974	334.5280714
6/29/1974	333.6545714
7/6/1974	333.3562857
7/13/1974	332.6841429
7/20/1974	330.1321429
7/27/1974	330.0266429
8/3/1974	327.3711429
8/10/1974	327.5177143
8/17/1974	326.9198571
8/24/1974	326.5026429
8/31/1974	328.1464286
9/7/1974	326.3990714
9/14/1974	326.4284286
9/21/1974	326.3592857
9/28/1974	327.0922143
10/5/1974	328.0007857
10/12/1974	327.5762143
10/19/1974	328.6221429
10/26/1974	329.199
11/2/1974	329.6301429
11/9/1974	330.0059286
11/16/1974	330.5167143
11/23/1974	330.7722857
11/30/1974	331.2313571
12/7/1974	331.3112857
12/14/1974	332.7323571
12/21/1974	333.1845
12/28/1974	333.6652857
1/4/1975	333.564
1/11/1975	333.9104286
1/18/1975	333.538
1/25/1975	333.7076429
2/1/1975	334.6317143
2/8/1975	333.8567857
2/15/1975	333.6756429
2/22/1975	331.8261429
3/1/1975	332.6157857
3/8/1975	335.3587143
3/15/1975	333.8515714
3/23/1975	334.9089286
3/30/1975	335.4562143
4/6/1975	336.3467857
4/13/1975	335.8774286
4/20/1975	335.942
4/27/1975	336.1331429
5/4/1975	336.1566429
5/11/1975	336.1409286
5/18/1975	334.2867857
5/26/1975	333.5848571
6/2/1975	334.6327857
6/9/1975	334.8797143
6/16/1975	335.0731429
6/23/1975	334.7987857
6/30/1975	334.0684286
7/8/1975	332.6776429
7/15/1975	331.678
7/22/1975	330.5981429
7/29/1975	329.3682143
8/5/1975	328.8510714
8/12/1975	329.4286429
8/19/1975	327.9597143
8/26/1975	326.0415714
9/2/1975	325.7374286
9/9/1975	326.2452857
9/16/1975	327.5870714
9/23/1975	325.9815
9/30/1975	326.4244286
10/7/1975	327.8475714
10/14/1975	327.5031429
10/21/1975	328.5177143
10/28/1975	329.4785714
11/4/1975	330.5512143
11/11/1975	331.6287143
11/18/1975	331.8521429
11/26/1975	331.9495
12/3/1975	331.6227857
12/10/1975	332.9297857
12/17/1975	332.3
12/24/1975	332.5052857
12/31/1975	332.9239286
1/7/1976	332.0072262
1/14/1976	332.4842857
1/21/1976	332.8143214
1/28/1976	332.2732143
2/4/1976	331.7644762
2/11/1976	332.094
2/18/1976	331.4995
2/25/1976	331.6805238
3/3/1976	331.2279405
3/10/1976	332.0047738
3/17/1976	331.9072262
3/24/1976	331.9175595
3/31/1976	332.0272262
4/7/1976	331.4187143
4/14/1976	331.7682857
4/21/1976	331.5769643
4/28/1976	332.7180833
5/5/1976	332.5222381
5/12/1976	332.905881
5/19/1976	332.897131
5/26/1976	333.3216429
6/2/1976	333.0573929
6/9/1976	333.0818452
6/16/1976	332.8413571
6/23/1976	332.5478929
6/30/1976	331.9442619
7/7/1976	331.709381
7/14/1976	331.3960119
7/21/1976	330.9712976
7/28/1976	330.0162738
8/4/1976	329.9342381
8/11/1976	329.5484048
8/18/1976	329.1864286
8/25/1976	328.654
9/1/1976	328.4753929
9/8/1976	328.8914643
9/15/1976	329.2524643
9/22/1976	328.8386429
9/29/1976	328.9608214
10/6/1976	329.3445357
10/13/1976	329.7792024
10/20/1976	330.24775
10/27/1976	330.8044286
11/3/1976	330.7968929
11/10/1976	331.4829762
11/17/1976	331.4366071
11/24/1976	331.97125
12/1/1976	332.3495595
12/8/1976	332.6564405
12/15/1976	334.4322976
12/22/1976	332.9064643
12/29/1976	332.7754643
1/5/1977	332.8342738
1/12/1977	332.8711429
1/19/1977	333.2520714
1/26/1977	332.9065714
2/2/1977	333.1168929
2/9/1977	333.7018571
2/16/1977	333.3181667
2/23/1977	332.7769048
3/2/1977	333.7490357
3/9/1977	333.891869
3/16/1977	333.8336429
3/23/1977	334.5472976
3/30/1977	333.9792738
4/6/1977	334.4333214
4/13/1977	334.4453214
4/20/1977	334.4491548
4/27/1977	334.8819405
5/4/1977	335.1962857
5/11/1977	335.0075595
5/18/1977	334.9740833
5/25/1977	335.3075595
6/1/1977	336.1077738
6/8/1977	336.4307976
6/15/1977	334.8239881
6/22/1977	334.4066667
6/29/1977	334.3982857
7/6/1977	333.6328571
7/13/1977	332.8537024
7/20/1977	332.4318929
7/27/1977	331.6846071
8/3/1977	331.2392381
8/10/1977	330.7190714
8/17/1977	331.6192738
8/24/1977	331.5328929
8/31/1977	331.085881
9/7/1977	330.8417143
9/14/1977	330.2488571
9/21/1977	330.1824524
9/28/1977	331.1314048
10/5/1977	332.0430476
10/12/1977	332.160369
10/19/1977	332.0844881
10/26/1977	331.9764286
11/2/1977	332.3533571
11/9/1977	332.5240714
11/16/1977	332.8120476
11/23/1977	334.005
11/30/1977	334.045381
12/7/1977	334.3909524
12/14/1977	334.8963571
12/21/1977	334.5021429
12/28/1977	334.8421905
1/4/1978	335.2093333
1/11/1978	335.2081429
1/18/1978	334.9539524
1/25/1978	335.8928333
2/1/1978	335.3556667
2/8/1978	335.3197024
2/15/1978	335.4893214
2/22/1978	335.7053214
3/1/1978	335.3230833
3/8/1978	335.8653214
3/15/1978	335.6055
3/22/1978	336.697
3/29/1978	336.6275595
4/5/1978	336.7894286
4/12/1978	336.5673095
4/19/1978	336.6712381
4/26/1978	336.4841786
5/3/1978	336.4075833
5/10/1978	336.7961786
5/17/1978	336.8021905
5/24/1978	336.4454286
5/31/1978	336.6870714
6/7/1978	336.787869
6/14/1978	336.691131
6/21/1978	336.1578214
6/28/1978	336.4031786
7/5/1978	335.2685238
7/12/1978	334.9250714
7/19/1978	334.4320714
7/26/1978	333.9379286
8/2/1978	334.311381
8/9/1978	333.4095357
8/16/1978	333.4249762
8/23/1978	332.7020833
8/30/1978	334.1095238
9/6/1978	333.161881
9/13/1978	332.6972857
9/20/1978	332.6510952
9/27/1978	332.4092619
10/4/1978	332.1190476
10/11/1978	332.2979524
10/18/1978	333.5319762
10/25/1978	333.6248095
11/1/1978	334.5408333
11/8/1978	335.4759762
11/15/1978	335.2897857
11/22/1978	335.9630952
11/29/1978	337.4099286
12/6/1978	336.778
12/13/1978	336.8154286
12/20/1978	337.0774286
12/27/1978	337.6292143
1/3/1979	336.8450714
1/10/1979	337.1429286
1/17/1979	338.0153571
1/24/1979	338.6997857
1/31/1979	339.0413571
2/7/1979	339.1661429
2/14/1979	338.1579524
2/21/1979	337.8720952
2/28/1979	338.1257619
3/7/1979	338.5345714
3/14/1979	338.676381
3/21/1979	339.776381
3/28/1979	339.448
4/4/1979	339.049381
4/11/1979	339.2805
4/18/1979	338.9726667
4/25/1979	339.6625714
5/2/1979	339.6713333
5/9/1979	339.5986429
5/16/1979	339.0921667
5/23/1979	341.2056429
5/30/1979	340.140881
6/6/1979	339.736
6/13/1979	339.0246429
6/20/1979	338.8764762
6/27/1979	338.7966667
7/4/1979	337.5614524
7/11/1979	337.7256667
7/18/1979	336.1752143
7/25/1979	334.655381
8/1/1979	333.5166429
8/8/1979	333.4673333
8/15/1979	333.3389524
8/22/1979	333.1764762
8/29/1979	333.1538571
9/5/1979	332.4167619
9/12/1979	333.0252857
9/19/1979	333.1365238
9/26/1979	335.3610238
10/3/1979	334.4829048
10/10/1979	334.094881
10/17/1979	334.387619
10/24/1979	335.0275714
10/31/1979	335.4888095
11/7/1979	336.3627619
11/14/1979	336.4805238
11/21/1979	336.303
11/28/1979	337.1088571
12/5/1979	337.3492619
12/12/1979	338.1130952
12/19/1979	338.6163095
12/26/1979	339.4313571
1/2/1980	338.3530952
1/9/1980	338.1273571
1/16/1980	338.31275
1/23/1980	338.3617143
1/30/1980	338.3739643
2/6/1980	338.4994286
2/13/1980	338.3272976
2/20/1980	338.7815714
2/27/1980	338.3452976
3/5/1980	338.7788929
3/12/1980	338.984619
3/19/1980	339.3835357
3/26/1980	339.6700714
4/2/1980	339.4577857
4/9/1980	338.5210595
4/16/1980	337.999381
4/23/1980	338.2631905
4/30/1980	338.1367619
5/7/1980	338.7820476
5/14/1980	339.6284881
5/21/1980	339.7305119
5/28/1980	339.56825
6/4/1980	339.8224286
6/11/1980	339.8675595
6/18/1980	340.0239643
6/25/1980	339.4144286
7/2/1980	338.8458571
7/9/1980	338.3932262
7/16/1980	338.4104286
7/23/1980	337.5891548
7/30/1980	337.4629167
8/6/1980	336.8576071
8/13/1980	336.8307381
8/20/1980	336.6681905
8/27/1980	336.2307976
9/3/1980	335.8006071
9/10/1980	336.057369
9/17/1980	337.5836429
9/24/1980	337.2253333
10/1/1980	336.7425952
10/8/1980	336.7520833
10/15/1980	337.1590119
10/22/1980	337.6130476
10/29/1980	337.8252976
11/5/1980	338.435631
11/12/1980	338.8484286
11/19/1980	338.5159643
11/26/1980	338.4889286
12/3/1980	338.8356905
12/10/1980	340.0999167
12/17/1980	339.491
12/24/1980	339.7954167
12/31/1980	340.4414167
1/7/1981	340.29425
1/14/1981	339.9657143
1/21/1981	339.9325
1/28/1981	339.8911905
2/4/1981	340.4078571
2/11/1981	340.9707143
2/18/1981	340.6658333
2/25/1981	340.7241667
3/4/1981	341.1641667
3/11/1981	340.9247619
3/18/1981	340.3217857
3/25/1981	340.7953571
4/1/1981	341.0621429
4/8/1981	341.4653571
4/15/1981	341.427381
4/22/1981	341.5
4/29/1981	341.39
5/6/1981	341.6282143
5/13/1981	341.6639286
5/20/1981	341.5782143
5/27/1981	342.169881
6/3/1981	341.4528571
6/10/1981	341.7792857
6/17/1981	341.1810714
6/24/1981	341.0392857
7/1/1981	340.1634524
7/8/1981	339.8689286
7/15/1981	339.4303571
7/22/1981	338.7708333
7/29/1981	337.5385714
8/5/1981	337.8190476
8/12/1981	337.9583333
8/19/1981	337.4667857
8/26/1981	336.6465476
9/2/1981	337.0778571
9/9/1981	337.0975
9/16/1981	337.4946429
9/23/1981	337.7654762
9/30/1981	337.3953571
10/7/1981	337.7210714
10/14/1981	338.2739286
10/21/1981	338.9854762
10/28/1981	339.3171429
11/4/1981	339.2142857
11/11/1981	339.3033333
11/18/1981	340.1082143
11/25/1981	340.22
12/2/1981	340.6088095
12/9/1981	341.4158333
12/16/1981	340.8575
12/23/1981	340.6117857
12/30/1981	341.0910714
1/6/1982	340.2957143
1/13/1982	341.0209524
1/20/1982	342.1458333
1/27/1982	341.6785714
2/3/1982	342.0803571
2/10/1982	341.6560714
2/17/1982	341.8253571
2/24/1982	342.250119
3/3/1982	341.9807143
3/10/1982	342.8789286
3/17/1982	342.6439286
3/24/1982	343.0080952
3/31/1982	343.4919048
4/7/1982	343.1778571
4/14/1982	343.7609524
4/21/1982	343.105
4/28/1982	343.0821429
5/5/1982	344.1771429
5/12/1982	344.1809524
5/19/1982	343.517381
5/26/1982	342.9995238
6/2/1982	342.8554762
6/9/1982	342.4757143
6/16/1982	342.445
6/23/1982	342.6883333
6/30/1982	342.2028571
7/7/1982	341.7259524
7/14/1982	341.1295238
7/21/1982	340.5819048
7/28/1982	340.4332143
8/4/1982	338.9015476
8/11/1982	339.3610714
8/18/1982	339.0084524
8/25/1982	338.1996429
9/1/1982	338.0054762
9/8/1982	338.1517857
9/15/1982	338.4739286
9/22/1982	337.9853571
9/29/1982	339.2555952
10/6/1982	338.3607143
10/13/1982	338.9130952
10/20/1982	339.5511905
10/27/1982	339.7664286
11/3/1982	339.9014286
11/10/1982	340.3542857
11/17/1982	340.817619
11/24/1982	340.795
12/1/1982	340.8775
12/8/1982	341.044881
12/15/1982	341.4359524
12/22/1982	341.4921429
12/29/1982	341.9425
1/5/1983	341.9532143
1/12/1983	342.5814286
1/19/1983	342.4503571
1/26/1983	341.9875
2/2/1983	342.4445238
2/9/1983	342.1716667
2/16/1983	342.4453571
2/23/1983	342.6136905
3/2/1983	342.7410714
3/9/1983	342.160119
3/16/1983	343.0071429
3/23/1983	343.2378571
3/30/1983	343.5882143
4/6/1983	343.2483333
4/13/1983	343.3540476
4/20/1983	343.305119
4/27/1983	343.8525
5/4/1983	344.7895238
5/11/1983	345.1416667
5/18/1983	345.2597619
5/25/1983	345.2214286
6/1/1983	345.4166667
6/8/1983	345.127619
6/15/1983	345.2133333
6/22/1983	343.9145238
6/29/1983	343.5135714
7/6/1983	342.9135714
7/13/1983	342.3410714
7/20/1983	342.26
7/27/1983	341.4084524
8/3/1983	340.5310714
8/10/1983	340.1232143
8/17/1983	340.23
8/24/1983	339.8980952
8/31/1983	339.8192857
9/7/1983	339.5192857
9/14/1983	339.6170238
9/21/1983	340.48
9/28/1983	340.507619
10/5/1983	341.1419048
10/12/1983	340.9661905
10/19/1983	341.2078571
10/26/1983	341.5209524
11/2/1983	342.4902381
11/9/1983	342.8005952
11/16/1983	343.5784524
11/23/1983	343.3160714
11/30/1983	343.5210714
12/7/1983	343.4560714
12/14/1983	343.1953571
12/21/1983	343.6682143
12/28/1983	343.5488095
1/4/1984	345.3494048
1/11/1984	343.729881
1/18/1984	343.8635714
1/25/1984	344.3755952
2/1/1984	345.397619
2/8/1984	345.355119
2/15/1984	345.3971429
2/22/1984	345.1982143
2/29/1984	345.2878571
3/7/1984	345.2417857
3/14/1984	344.4407143
3/21/1984	345.2603571
3/28/1984	345.6939286
4/4/1984	345.3133333
4/11/1984	345.0757143
4/18/1984	345.0228571
4/25/1984	345.31
5/2/1984	345.8802381
5/9/1984	345.47
5/16/1984	345.6797619
5/23/1984	345.8992857
5/30/1984	345.2360714
6/6/1984	345.434881
6/13/1984	345.3520238
6/20/1984	344.9363095
6/27/1984	345.0641667
7/4/1984	344.3696429
7/11/1984	343.6816667
7/18/1984	344.0792857
7/25/1984	342.8960714
8/1/1984	342.1169048
8/8/1984	343.4797619
8/15/1984	341.392381
8/22/1984	341.1375
8/29/1984	341.2646429
9/5/1984	341.2839286
9/12/1984	341.0369048
9/19/1984	342.0866667
9/26/1984	342.8771429
10/3/1984	341.9421429
10/10/1984	342.2096429
10/17/1984	342.817381
10/24/1984	342.9613095
10/31/1984	343.5471429
11/7/1984	343.5275
11/14/1984	343.7025
11/21/1984	343.919881
11/28/1984	344.0465476
12/5/1984	344.5342857
12/12/1984	344.9446429
12/19/1984	345.4282143
12/26/1984	346.5990476
1/2/1985	346.1333333
1/9/1985	346.5288095
1/16/1985	346.5394048
1/23/1985	345.9077381
1/30/1985	345.3335714
2/6/1985	345.6527381
2/13/1985	345.7389286
2/20/1985	345.7942857
2/27/1985	346.0675
3/6/1985	346.2697619
3/13/1985	346.5464286
3/20/1985	346.2792857
3/27/1985	346.2757143
4/3/1985	346.6294048
4/10/1985	347.4442857
4/17/1985	346.5096429
4/24/1985	346.8008333
5/1/1985	347.1958333
5/8/1985	347.7814286
5/15/1985	347.7007143
5/22/1985	347.3246429
5/29/1985	347.0282143
6/5/1985	347.6416667
6/12/1985	346.8025
6/19/1985	346.9507143
6/26/1985	346.5121429
7/3/1985	345.9207143
7/10/1985	345.4954762
7/17/1985	345.1717857
7/24/1985	344.2065476
7/31/1985	344.4021429
8/7/1985	343.4875
8/14/1985	343.0707143
8/21/1985	343.0203571
8/28/1985	342.8625
9/4/1985	342.8536905
9/11/1985	342.5444048
9/18/1985	342.5921429
9/25/1985	342.9228571
10/2/1985	342.9092857
10/9/1985	343.8341667
10/16/1985	343.6702381
10/23/1985	344.0704762
10/30/1985	344.4922619
11/6/1985	344.7660714
11/13/1985	344.8202381
11/20/1985	345.372381
11/27/1985	345.5578571
12/4/1985	345.7672619
12/11/1985	345.8260714
12/18/1985	346.4366667
12/25/1985	346.5290476
1/1/1986	346.5542857
1/8/1986	346.5869048
1/15/1986	346.6182143
1/22/1986	347.0553571
1/29/1986	347.0620238
2/5/1986	347.3864286
2/12/1986	347.245119
2/19/1986	347.4422619
2/26/1986	347.1875
3/5/1986	346.7642857
3/12/1986	347.8939286
3/19/1986	348.7992857
3/26/1986	348.5635714
4/2/1986	347.9571429
4/9/1986	348.2478571
4/16/1986	348.5321429
4/23/1986	348.5529762
4/30/1986	348.6711905
5/7/1986	348.7382143
5/14/1986	348.6952381
5/21/1986	348.6664286
5/28/1986	348.662619
6/4/1986	348.7732143
6/11/1986	348.4459524
6/18/1986	348.4154762
6/25/1986	348.2067857
7/2/1986	347.6521429
7/9/1986	346.5227381
7/16/1986	346.1417857
7/23/1986	346.0385714
7/30/1986	345.6861905
8/6/1986	344.9236905
8/13/1986	344.4684524
8/20/1986	343.8453571
8/27/1986	344.204881
9/3/1986	343.8795238
9/10/1986	344.7495238
9/17/1986	345.1311905
9/24/1986	345.3415476
10/1/1986	345.22
10/8/1986	345.2517857
10/15/1986	345.0327381
10/22/1986	345.7008333
10/29/1986	345.9240476
11/5/1986	346.3688095
11/12/1986	346.4332143
11/19/1986	346.7496429
11/26/1986	347.1407143
12/3/1986	347.1107143
12/10/1986	347.6907143
12/17/1986	347.6239286
12/24/1986	347.5179762
12/31/1986	347.9503571
1/7/1987	348.4971429
1/14/1987	348.4584524
1/21/1987	348.2096429
1/28/1987	347.7916667
2/4/1987	348.3475
2/11/1987	348.6132143
2/18/1987	348.8691667
2/25/1987	348.6010714
3/4/1987	348.8765476
3/11/1987	349.1628571
3/18/1987	349.3708333
3/25/1987	349.4488095
4/1/1987	349.2129762
4/8/1987	349.5885714
4/15/1987	349.2310714
4/22/1987	349.4807143
4/29/1987	348.5917857
5/6/1987	349.6860714
5/13/1987	350.2064286
5/20/1987	350.2853571
5/27/1987	350.4889286
6/3/1987	350.4771429
6/10/1987	350.3379762
6/17/1987	349.4664286
6/24/1987	349.5014286
7/1/1987	349.2260714
7/8/1987	349.0132143
7/15/1987	348.5971429
7/22/1987	347.6188095
7/29/1987	346.89
8/5/1987	346.4803571
8/12/1987	345.067381
8/19/1987	345.8614286
8/26/1987	346.0561905
9/2/1987	345.5882143
9/9/1987	345.8838095
9/16/1987	345.8171429
9/23/1987	345.4253571
9/30/1987	346.105
10/7/1987	346.9342857
10/14/1987	347.5605952
10/21/1987	348.5839286
10/28/1987	348.2672619
11/4/1987	347.8957143
11/11/1987	348.2233333
11/18/1987	348.6008333
11/25/1987	348.9860714
12/2/1987	349.392619
12/9/1987	349.4344048
12/16/1987	350.0682143
12/23/1987	350.1013095
12/30/1987	350.3317857
1/6/1988	350.3927381
1/13/1988	350.4628571
1/20/1988	350.9071429
1/27/1988	350.9045238
2/3/1988	351.3305952
2/10/1988	351.1235714
2/17/1988	351.9883333
2/24/1988	351.475
3/2/1988	352.0670238
3/9/1988	351.9827381
3/16/1988	351.3510714
3/23/1988	351.619881
3/30/1988	352.1288095
4/6/1988	353.08
4/13/1988	354.2480952
4/20/1988	352.494881
4/27/1988	352.1967857
5/4/1988	352.6932143
5/11/1988	352.1953571
5/18/1988	352.1753571
5/25/1988	352.5511905
6/1/1988	352.3905952
6/8/1988	352.3496429
6/15/1988	352.0796429
6/22/1988	351.5482143
6/29/1988	351.3878571
7/6/1988	350.8639286
7/13/1988	350.310119
7/20/1988	349.6039286
7/27/1988	349.9575
8/3/1988	349.7997619
8/10/1988	348.7742857
8/17/1988	348.6847619
8/24/1988	348.3332143
8/31/1988	347.857619
9/7/1988	348.1867857
9/14/1988	349.0227381
9/21/1988	348.6627381
9/28/1988	349.0397619
10/5/1988	349.4035714
10/12/1988	349.5021429
10/19/1988	350.3090476
10/26/1988	350.0960714
11/2/1988	350.56
11/9/1988	351.1465476
11/16/1988	351.1425
11/23/1988	351.0908333
11/30/1988	351.9036905
12/7/1988	352.25
12/14/1988	352.5007143
12/21/1988	352.372619
12/28/1988	352.3475
1/4/1989	351.3909524
1/11/1989	351.4904762
1/18/1989	355.345
1/25/1989	353.8108333
2/1/1989	353.1921429
2/8/1989	352.8607143
2/15/1989	352.9688095
2/22/1989	353.1154762
3/1/1989	353.6753571
3/8/1989	353.0069048
3/15/1989	352.8070238
3/22/1989	353.7689286
3/29/1989	353.5055952
4/5/1989	354.2396429
4/12/1989	354.0707143
4/19/1989	354.7927381
4/26/1989	355.2542857
5/3/1989	354.4163095
5/10/1989	354.4467857
5/17/1989	354.1810714
5/24/1989	354.1084524
5/31/1989	354.4025
6/7/1989	354.2603571
6/14/1989	353.6275
6/21/1989	353.6983333
6/28/1989	352.774881
7/5/1989	352.4691667
7/12/1989	351.8307143
7/19/1989	351.4286905
7/26/1989	351.8045238
8/2/1989	351.0796429
8/9/1989	350.489881
8/16/1989	349.8353571
8/23/1989	349.2275
8/30/1989	349.1546429
9/6/1989	349.4403571
9/13/1989	349.6466667
9/20/1989	349.4639286
9/27/1989	349.9571429
10/4/1989	351.389881
10/11/1989	351.0467857
10/18/1989	350.79
10/25/1989	351.0496429
11/1/1989	351.6217857
11/8/1989	351.9397619
11/15/1989	352.1019048
11/22/1989	352.4286905
11/29/1989	351.7214286
12/6/1989	353.1152381
12/13/1989	353.4792857
12/20/1989	353.3809524
12/27/1989	353.7617857
1/3/1990	354.4727381
1/10/1990	354.2942857
1/17/1990	354.2811905
1/24/1990	355.3080952
1/31/1990	355.3857143
2/7/1990	356.182619
2/14/1990	355.3152381
2/21/1990	354.0261905
2/28/1990	354.8847619
3/7/1990	355.3711905
3/14/1990	356.1357143
3/21/1990	356.2504762
3/28/1990	355.7790476
4/4/1990	356.1361905
4/11/1990	356.0147619
4/18/1990	355.9642857
4/25/1990	356.2257143
5/2/1990	356.2404762
5/9/1990	355.5611905
5/16/1990	355.7121429
5/23/1990	355.5260714
5/30/1990	355.1203571
6/6/1990	355.2125
6/13/1990	355.0185714
6/20/1990	354.4275
6/27/1990	353.6579762
7/4/1990	353.2970238
7/11/1990	353.6620238
7/18/1990	352.1388095
7/25/1990	352.0213095
8/1/1990	351.8617857
8/8/1990	351.3453571
8/15/1990	350.9417857
8/22/1990	351.1292857
8/29/1990	351.0803571
9/5/1990	350.7314286
9/12/1990	350.5430952
9/19/1990	351.4036905
9/26/1990	351.0833333
10/3/1990	351.1589286
10/10/1990	351.8682143
10/17/1990	352.9334524
10/24/1990	352.9892857
10/31/1990	353.0521429
11/7/1990	353.6067857
11/14/1990	353.5907143
11/21/1990	353.945119
11/28/1990	353.9314286
12/5/1990	354.1860714
12/12/1990	354.7610714
12/19/1990	354.6714286
12/26/1990	355.2232143
1/2/1991	355.157619
1/9/1991	355.32
1/16/1991	356.0485714
1/23/1991	355.7235714
1/30/1991	355.6797619
2/6/1991	355.4635714
2/13/1991	355.8860714
2/20/1991	356.1572619
2/27/1991	356.0171429
3/6/1991	355.9620238
3/13/1991	356.4907143
3/20/1991	355.8622619
3/27/1991	356.4852381
4/3/1991	356.5107143
4/10/1991	356.6042857
4/17/1991	356.5417857
4/24/1991	356.7867857
5/1/1991	356.8596429
5/8/1991	357.0217857
5/15/1991	356.7282143
5/22/1991	356.6278571
5/29/1991	356.6485714
6/5/1991	356.6703571
6/12/1991	356.5579762
6/19/1991	356.2492857
6/26/1991	355.505
7/3/1991	355.5161905
7/10/1991	355.1482143
7/17/1991	354.4129762
7/24/1991	353.6944048
7/31/1991	353.2896429
8/7/1991	352.9642857
8/14/1991	352.692381
8/21/1991	351.8421429
8/28/1991	351.5958333
9/4/1991	352.7370238
9/11/1991	352.4379762
9/18/1991	351.892381
9/25/1991	352.0721429
10/2/1991	352.3632143
10/9/1991	352.7185714
10/16/1991	353.7969048
10/23/1991	354.0928571
10/30/1991	354.9260714
11/6/1991	354.552619
11/13/1991	355.0228571
11/20/1991	355.03
11/27/1991	355.4244048
12/4/1991	355.449881
12/11/1991	355.7096429
12/18/1991	355.559881
12/25/1991	356.1153571
1/1/1992	356.5104762
1/8/1992	357.1254762
1/15/1992	356.5566667
1/22/1992	356.1335714
1/29/1992	356.3682143
2/5/1992	356.6685714
2/12/1992	356.8011905
2/19/1992	356.9267857
2/26/1992	356.8978571
3/4/1992	356.8653571
3/11/1992	357.1839286
3/18/1992	357.1378571
3/25/1992	356.9517857
4/1/1992	357.18
4/8/1992	357.3628571
4/15/1992	357.2025
4/22/1992	357.6921429
4/29/1992	357.920119
5/6/1992	358.4233333
5/13/1992	357.835
5/20/1992	357.3246429
5/27/1992	357.6982143
6/3/1992	357.750119
6/10/1992	357.7735714
6/17/1992	357.3496429
6/24/1992	357.0203571
7/1/1992	356.65
7/8/1992	356.2104762
7/15/1992	355.5546429
7/22/1992	354.9239286
7/29/1992	354.5639286
8/5/1992	353.7860714
8/12/1992	353.1442857
8/19/1992	353.2096429
8/26/1992	353.8592857
9/2/1992	353.2135714
9/9/1992	352.5642857
9/16/1992	352.7171429
9/23/1992	352.7914286
9/30/1992	353.2846429
10/7/1992	354.1452381
10/14/1992	354.4663095
10/21/1992	354.7046429
10/28/1992	354.4864286
11/4/1992	354.8271429
11/11/1992	355.3667857
11/18/1992	355.4514286
11/25/1992	355.4253571
12/2/1992	355.8314286
12/9/1992	355.9660714
12/16/1992	356.9625
12/23/1992	357.0753571
12/30/1992	357.2738095
1/6/1993	357.0835714
1/13/1993	357.0209524
1/20/1993	357.8514286
1/27/1993	357.9794048
2/3/1993	357.6896429
2/10/1993	357.0482143
2/17/1993	356.7705952
2/24/1993	356.0261905
3/3/1993	356.2790476
3/10/1993	356.2547619
3/17/1993	356.4347619
3/24/1993	356.0666667
3/31/1993	356.3407143
4/7/1993	357.7492857
4/14/1993	357.96
4/21/1993	358.0628571
4/28/1993	358.1525
5/5/1993	358.1571429
5/12/1993	358.1314286
5/19/1993	358.23
5/26/1993	358.3185714
6/2/1993	358.3442857
6/9/1993	357.5954762
6/16/1993	357.8285714
6/23/1993	357.6378571
6/30/1993	357.195
7/7/1993	355.8485714
7/14/1993	355.0857143
7/21/1993	355.1778571
7/28/1993	354.9814286
8/4/1993	354.1153571
8/11/1993	353.7134524
8/18/1993	353.9004762
8/25/1993	353.5732143
9/1/1993	353.5889286
9/8/1993	353.4702381
9/15/1993	354.2585714
9/22/1993	354.0441667
9/29/1993	353.9517857
10/6/1993	354.8090476
10/13/1993	354.6064286
10/20/1993	354.9628571
10/27/1993	355.8271429
11/3/1993	355.5722619
11/10/1993	356.5007143
11/17/1993	356.3905952
11/24/1993	356.6436905
12/1/1993	356.6085714
12/8/1993	357.26
12/15/1993	357.3707143
12/22/1993	357.2209524
12/29/1993	357.72
1/5/1994	357.9117857
1/12/1994	358.0660714
1/19/1994	358.3411905
1/26/1994	358.5125
2/2/1994	358.5465476
2/9/1994	358.665
2/16/1994	358.6682143
2/23/1994	358.8642857
3/2/1994	359.4694048
3/9/1994	359.342619
3/16/1994	359.3338095
3/23/1994	359.655
3/30/1994	359.849881
4/6/1994	359.6210714
4/13/1994	359.6996429
4/20/1994	359.8517857
4/27/1994	360.1470238
5/4/1994	359.775
5/11/1994	359.7682143
5/18/1994	359.4242857
5/25/1994	360.2144048
6/1/1994	359.5914286
6/8/1994	359.5080952
6/15/1994	359.4092857
6/22/1994	358.9710714
6/29/1994	358.7771429
7/6/1994	358.1803571
7/13/1994	357.5142857
7/20/1994	357.0542857
7/27/1994	356.8547619
8/3/1994	356.1738095
8/10/1994	356.3564286
8/17/1994	356.072381
8/24/1994	355.3984524
8/31/1994	355.255
9/7/1994	355.1717857
9/14/1994	355.1978571
9/21/1994	355.2710714
9/28/1994	355.5371429
10/5/1994	356.2415476
10/12/1994	357.2358333
10/19/1994	357.4105952
10/26/1994	357.5414286
11/2/1994	358.0242857
11/9/1994	358.0482143
11/16/1994	358.5364286
11/23/1994	358.5117857
11/30/1994	359.3432143
12/7/1994	359.8358333
12/14/1994	360.0928571
12/21/1994	359.8167857
12/28/1994	360.0757143
1/4/1995	359.9614286
1/11/1995	359.6810714
1/18/1995	360.0225
1/25/1995	360.0708333
2/1/1995	360.6460714
2/8/1995	360.7964286
2/15/1995	360.8742857
2/22/1995	361.1446429
3/1/1995	361.2960714
3/8/1995	361.2489286
3/15/1995	361.3571429
3/22/1995	360.9228571
3/29/1995	361.5288095
4/5/1995	361.9782143
4/12/1995	361.6514286
4/19/1995	361.7939286
4/26/1995	361.9189286
5/3/1995	361.5644048
5/10/1995	361.8140476
5/17/1995	361.8771429
5/24/1995	361.8263095
5/31/1995	361.7572619
6/7/1995	361.7661905
6/14/1995	361.4732143
6/21/1995	361.1583333
6/28/1995	360.8610714
7/5/1995	360.1025
7/12/1995	359.7235714
7/19/1995	359.485
7/26/1995	358.9892857
8/2/1995	358.2428571
8/9/1995	357.7578571
8/16/1995	357.1146429
8/23/1995	356.7985714
8/30/1995	357.2271429
9/6/1995	356.7121429
9/13/1995	357.817619
9/20/1995	358.5482143
9/27/1995	359.295
10/4/1995	358.1403571
10/11/1995	358.2846429
10/18/1995	358.5775
10/25/1995	359.0739286
11/1/1995	359.8002381
11/8/1995	360.0967857
11/15/1995	360.7960714
11/22/1995	360.705
11/29/1995	360.8430952
12/6/1995	362.4107143
12/13/1995	362.2935714
12/20/1995	362.3757143
12/27/1995	361.7685714
1/3/1996	362.1878571
1/10/1996	362.1334524
1/17/1996	362.5704762
1/24/1996	362.5790476
1/31/1996	362.129881
2/7/1996	362.4632143
2/14/1996	362.9685714
2/21/1996	363.0585714
2/28/1996	363.335
3/6/1996	363.14
3/13/1996	363.0717857
3/20/1996	363.4383333
3/27/1996	363.2489286
4/3/1996	363.1446429
4/10/1996	362.795
4/17/1996	363.5866667
4/24/1996	363.3084524
5/1/1996	363.607381
5/8/1996	363.5866667
5/15/1996	364.1283333
5/22/1996	364.3444048
5/29/1996	363.8978571
6/5/1996	363.4167857
6/12/1996	363.7828571
6/19/1996	363.400119
6/26/1996	363.1189286
7/3/1996	362.527381
7/10/1996	361.6883333
7/17/1996	361.2408333
7/24/1996	361.5015476
7/31/1996	360.7078571
8/7/1996	360.1275
8/14/1996	360.1367857
8/21/1996	359.284881
8/28/1996	359.3167857
9/4/1996	359.4188095
9/11/1996	358.6347619
9/18/1996	358.5292857
9/25/1996	358.8303571
10/2/1996	359.6077381
10/9/1996	360.2978571
10/16/1996	361.5538095
10/23/1996	360.5311905
10/30/1996	360.7236905
11/6/1996	360.899881
11/13/1996	361.7415476
11/20/1996	361.9475
11/27/1996	362.1167857
12/4/1996	362.6766667
12/11/1996	362.9103571
12/18/1996	363.5264286
12/25/1996	362.7410714
1/1/1997	363.0228571
1/8/1997	362.972381
1/15/1997	363.1825
1/22/1997	365.0171429
1/29/1997	365.8752381
2/5/1997	364.0407143
2/12/1997	363.9289286
2/19/1997	363.9482143
2/26/1997	364.6410714
3/5/1997	363.9592857
3/12/1997	363.9267857
3/19/1997	364.245
3/26/1997	364.31
4/2/1997	364.0917857
4/9/1997	364.2371429
4/16/1997	364.5629762
4/23/1997	364.6971429
4/30/1997	365.0239286
5/7/1997	365.0661905
5/14/1997	364.5025
5/21/1997	364.9664286
5/28/1997	365.5834524
6/4/1997	364.1984524
6/11/1997	364.335
6/18/1997	363.8066667
6/25/1997	363.1582143
7/2/1997	363.0990476
7/9/1997	362.6175
7/16/1997	362.404881
7/23/1997	361.0930952
7/30/1997	361.305119
8/6/1997	360.532381
8/13/1997	360.8254762
8/20/1997	359.7146429
8/27/1997	359.712619
9/3/1997	359.7835714
9/10/1997	359.8654762
9/17/1997	360.2542857
9/24/1997	360.0461905
10/1/1997	360.1816667
10/8/1997	361.0888095
10/15/1997	361.4371429
10/22/1997	361.6119048
10/29/1997	362.1492857
11/5/1997	363.3761905
11/12/1997	362.6657143
11/19/1997	362.782619
11/26/1997	364.4279762
12/3/1997	363.9971429
12/10/1997	364.2152381
12/17/1997	364.6389286
12/24/1997	364.5936905
12/31/1997	365.4964286
1/7/1998	365.7015476
1/14/1998	365.632381
1/21/1998	365.2346429
1/28/1998	365.2102381
2/4/1998	365.8911905
2/11/1998	366.1559524
2/18/1998	365.4614286
2/25/1998	365.8972619
3/4/1998	366.4540476
3/11/1998	366.2165476
3/18/1998	366.5180952
3/25/1998	366.0492857
4/1/1998	366.9203571
4/8/1998	367.0527381
4/15/1998	366.5185714
4/22/1998	366.9310714
4/29/1998	367.7080952
5/6/1998	367.9485714
5/13/1998	367.8257143
5/20/1998	368.0345238
5/27/1998	368.2066667
6/3/1998	368.2838095
6/10/1998	367.8866667
6/17/1998	367.4947619
6/24/1998	366.8204762
7/1/1998	366.4116667
7/8/1998	364.8938095
7/15/1998	365.4178571
7/22/1998	364.3438095
7/29/1998	364.0860714
8/5/1998	364.2460714
8/12/1998	363.712381
8/19/1998	363.3072619
8/26/1998	363.5191667
9/2/1998	362.6102381
9/9/1998	363.5153571
9/16/1998	363.4971429
9/23/1998	364.4296429
9/30/1998	364.7332143
10/7/1998	364.6030952
10/14/1998	365.5930952
10/21/1998	365.0246429
10/28/1998	365.1934524
11/4/1998	366.3366667
11/11/1998	366.6425
11/18/1998	366.8445238
11/25/1998	366.6958333
12/2/1998	367.1313095
12/9/1998	367.835
12/16/1998	368.2321429
12/23/1998	367.8882143
12/30/1998	367.8678571
1/6/1999	368.3394048
1/13/1999	368.3640476
1/20/1999	368.4808333
1/27/1999	368.6389286
2/3/1999	368.4255952
2/10/1999	368.6125
2/17/1999	368.887619
2/24/1999	368.5621429
3/3/1999	368.7596429
3/10/1999	368.4285714
3/17/1999	368.6114286
3/24/1999	368.8915476
3/31/1999	369.1210714
4/7/1999	369.2857143
4/14/1999	369.5894048
4/21/1999	369.5146429
4/28/1999	369.5403571
5/5/1999	369.8007143
5/12/1999	369.66
5/19/1999	369.4264286
5/26/1999	369.3446429
6/2/1999	369.2713095
6/9/1999	369.9910714
6/16/1999	369.4566667
6/23/1999	369.1685714
6/30/1999	368.682381
7/7/1999	366.4940476
7/14/1999	366.6742857
7/21/1999	366.3414286
7/28/1999	366.0296429
8/4/1999	365.2375
8/11/1999	365.0979762
8/18/1999	365.0607143
8/25/1999	364.3217857
9/1/1999	364.7638095
9/8/1999	364.1702381
9/15/1999	364.1825
9/22/1999	364.9459524
9/29/1999	364.7928571
10/6/1999	365.1521429
10/13/1999	365.8653571
10/20/1999	365.9957143
10/27/1999	366.2771429
11/3/1999	367.4
11/10/1999	367.4092857
11/17/1999	367.5978571
11/24/1999	368.1811905
12/1/1999	368.2664286
12/8/1999	368.3579762
12/15/1999	368.6657143
12/22/1999	368.7560714
12/29/1999	369.3729762
1/5/2000	368.8961905
1/12/2000	369.6467857
1/19/2000	369.6286905
1/26/2000	369.9283333
2/2/2000	369.1364286
2/9/2000	370.2070238
2/16/2000	369.9739286
2/23/2000	369.9572619
3/1/2000	370.3366667
3/8/2000	371.6652381
3/15/2000	369.9520238
3/22/2000	370.4907143
3/29/2000	370.2505952
4/5/2000	370.2371429
4/12/2000	370.6057143
4/19/2000	370.6833333
4/26/2000	369.8690476
5/3/2000	370.0266667
5/10/2000	370.5203571
5/17/2000	370.4392857
5/24/2000	370.3757143
5/31/2000	370.2890476
6/7/2000	370.4379762
6/14/2000	370.0532143
6/21/2000	369.5528571
6/28/2000	368.6802381
7/5/2000	368.9038095
7/12/2000	368.7309524
7/19/2000	368.1741667
7/26/2000	367.3891667
8/2/2000	366.5567857
8/9/2000	366.5004762
8/16/2000	366.8784524
8/23/2000	366.5952381
8/30/2000	366.370119
9/6/2000	366.9009524
9/13/2000	366.2167857
9/20/2000	366.5921429
9/27/2000	366.5139286
10/4/2000	367.2588095
10/11/2000	367.7392857
10/18/2000	368.6046429
10/25/2000	368.3253571
11/1/2000	368.4814286
11/8/2000	368.8003571
11/15/2000	368.975
11/22/2000	369.6344048
11/29/2000	369.5178571
12/6/2000	369.9479762
12/13/2000	369.7457143
12/20/2000	370.0952381
12/27/2000	370.3792857
1/3/2001	369.4042857
1/10/2001	370.7128571
1/17/2001	370.7478571
1/24/2001	370.76
1/31/2001	371.7241667
2/7/2001	371.4589286
2/14/2001	371.2367857
2/21/2001	371.5335714
2/28/2001	371.4828571
3/7/2001	371.6897619
3/14/2001	371.6039286
3/21/2001	371.6625
3/28/2001	371.4957143
4/4/2001	371.8771429
4/11/2001	371.5780952
4/18/2001	372.1765476
4/25/2001	372.2557143
5/2/2001	372.3039286
5/9/2001	371.6515476
5/16/2001	372.0853571
5/23/2001	371.9885714
5/30/2001	372.1278571
6/6/2001	371.6583333
6/13/2001	371.805
6/20/2001	371.4352381
6/27/2001	371.6257143
7/4/2001	370.4730952
7/11/2001	370.3535714
7/18/2001	370.11
7/25/2001	369.0430952
8/1/2001	368.7784524
8/8/2001	368.687381
8/15/2001	367.4410714
8/22/2001	367.405
8/29/2001	367.3017857
9/5/2001	367.4475
9/12/2001	368.334881
9/19/2001	368.4434524
9/26/2001	367.9246429
10/3/2001	368.3692857
10/10/2001	368.7811905
10/17/2001	369.11
10/24/2001	369.5232143
10/31/2001	369.9009524
11/7/2001	370.4
11/14/2001	371.1370238
11/21/2001	371.0417857
11/28/2001	371.0453571
12/5/2001	371.3835714
12/12/2001	371.7935714
12/19/2001	372.2852381
12/26/2001	372.1978571
1/2/2002	372.3140476
1/9/2002	372.3913095
1/16/2002	372.4303571
1/23/2002	373.2125
1/30/2002	372.5753571
2/6/2002	371.9997619
2/13/2002	372.7640476
2/20/2002	372.9286905
2/27/2002	373.4378571
3/6/2002	373.3907143
3/13/2002	373.8525
3/20/2002	373.6591667
3/27/2002	373.4458333
4/3/2002	373.6192857
4/10/2002	373.1544048
4/17/2002	374.0289286
4/24/2002	374.0578571
5/1/2002	374.355
5/8/2002	374.6795238
5/15/2002	374.385119
5/22/2002	372.922381
5/29/2002	374.3169048
6/5/2002	374.0332143
6/12/2002	373.4025
6/19/2002	373.2628571
6/26/2002	373.0221429
7/3/2002	372.8775
7/10/2002	372.7707143
7/17/2002	371.6785714
7/24/2002	371.0884524
7/31/2002	371.3354762
8/7/2002	369.7746429
8/14/2002	369.6107143
8/21/2002	369.7777381
8/28/2002	369.2470238
9/4/2002	369.5342857
9/11/2002	371.1414286
9/18/2002	370.1607143
9/25/2002	370.9130952
10/2/2002	370.7779762
10/9/2002	370.8333333
10/16/2002	371.6138095
10/23/2002	371.832381
10/30/2002	371.71
11/6/2002	372.1847619
11/13/2002	372.19
11/20/2002	372.4547619
11/27/2002	372.6290476
12/4/2002	372.6414286
12/11/2002	373.7777381
12/18/2002	374.4832143
12/25/2002	373.8433333
1/1/2003	373.4435714
1/8/2003	374.6139286
1/15/2003	374.7310714
1/22/2003	375.0482143
1/29/2003	375.2525
2/5/2003	374.8008333
2/12/2003	375.5290476
2/19/2003	375.4089286
2/26/2003	375.4771429
3/5/2003	375.7357143
3/12/2003	376.0764286
3/19/2003	375.9010714
3/26/2003	376.3970238
4/2/2003	376.175
4/9/2003	375.8542857
4/16/2003	376.5944048
4/23/2003	376.3266667
4/30/2003	376.9294048
5/7/2003	376.56
5/14/2003	376.3246429
5/21/2003	376.8764286
5/28/2003	376.745
6/4/2003	376.6039286
6/11/2003	376.3875
6/18/2003	376.2678571
6/25/2003	375.9825
7/2/2003	375.3666667
7/9/2003	374.2370238
7/16/2003	374.3253571
7/23/2003	374.6871429
7/30/2003	374.1778571
8/6/2003	372.9319048
8/13/2003	372.5189286
8/20/2003	372.2535714
8/27/2003	372.2170238
9/3/2003	373.4838095
9/10/2003	372.685
9/17/2003	372.4425
9/24/2003	372.785
10/1/2003	373.4275
10/8/2003	373.2839286
10/15/2003	373.6372619
10/22/2003	373.6169048
10/29/2003	374.2835714
11/5/2003	375.3634524
11/12/2003	375.0361905
11/19/2003	375.445119
11/26/2003	375.6778571
12/3/2003	376.2228571
12/10/2003	376.3704762
12/17/2003	376.8527381
12/24/2003	376.7380952
12/31/2003	376.7639286
1/7/2004	377.3769048
1/14/2004	379.1442857
1/21/2004	377.2770238
1/28/2004	376.864881
2/4/2004	377.8641667
2/11/2004	376.3038095
2/18/2004	375.5959524
2/25/2004	377.4485714
3/3/2004	377.6271429
3/10/2004	377.7807143
3/17/2004	377.7603571
3/24/2004	377.9753571
3/31/2004	378.4427381
4/7/2004	377.8091667
4/14/2004	378.9395238
4/21/2004	378.6541667
4/28/2004	378.8482143
5/5/2004	378.4696429
5/12/2004	378.6353571
5/19/2004	378.7171429
5/26/2004	378.3913095
6/2/2004	377.1521429
6/9/2004	378.2225
6/16/2004	378.8464286
6/23/2004	376.567619
6/30/2004	376.5220238
7/7/2004	376.4109524
7/14/2004	375.9629762
7/21/2004	375.6708333
7/28/2004	374.9661905
8/4/2004	374.4752381
8/11/2004	375.5278571
8/18/2004	374.9744048
8/25/2004	373.397619
9/1/2004	372.9280952
9/8/2004	373.5890476
9/15/2004	373.3384524
9/22/2004	374.1541667
9/29/2004	374.2590476
10/6/2004	374.5485714
10/13/2004	374.57
10/20/2004	376.9570238
10/27/2004	376.0604762
11/3/2004	375.9561905
11/10/2004	376.3728571
11/17/2004	376.805
11/24/2004	377.1322619
12/1/2004	377.2639286
12/8/2004	377.5782143
12/15/2004	377.8664286
12/22/2004	378.0485714
12/29/2004	378.5732143
1/5/2005	378.6746429
1/12/2005	379.0346429
1/19/2005	379.7775
1/26/2005	378.935
2/2/2005	379.9460714
2/9/2005	379.9057143
2/16/2005	379.290119
2/23/2005	378.6927381
3/2/2005	379.095119
3/9/2005	379.7758333
3/16/2005	379.8842857
3/23/2005	379.8271429
3/30/2005	379.755
4/6/2005	380.0910714
4/13/2005	380.2007143
4/20/2005	380.285
4/27/2005	380.5225
5/4/2005	380.2072619
5/11/2005	380.1757143
5/18/2005	380.1063095
5/25/2005	380.1982143
6/1/2005	380.2360714
6/8/2005	380.5857143
6/15/2005	380.2532143
6/22/2005	380.0771429
6/29/2005	379.1803571
7/6/2005	378.7769048
7/13/2005	378.5894048
7/20/2005	378.0994048
7/27/2005	377.6546429
8/3/2005	376.6157143
8/10/2005	377.2655952
8/17/2005	376.9025
8/24/2005	376.0514286
8/31/2005	375.7989286
9/7/2005	375.865
9/14/2005	375.8364286
9/21/2005	376.4816667
9/28/2005	376.3910714
10/5/2005	376.9514286
10/12/2005	377.2403571
10/19/2005	378.5747619
10/26/2005	378.7802381
11/2/2005	378.2588095
11/9/2005	378.7166667
11/16/2005	379.167619
11/23/2005	379.5234524
11/30/2005	379.8135714
12/7/2005	380.5325
12/14/2005	380.4328571
12/21/2005	380.7044048
12/28/2005	380.9032143
1/4/2006	381.1572619
1/11/2006	381.3882143
1/18/2006	381.5264286
1/25/2006	381.3467857
2/1/2006	381.4870238
2/8/2006	381.7214286
2/15/2006	381.8386905
2/22/2006	381.4697619
3/1/2006	381.6685714
3/8/2006	382.0286905
3/15/2006	381.9885714
3/22/2006	382.0132143
3/29/2006	381.5283333
4/5/2006	381.8575
4/12/2006	382.3367857
4/19/2006	382.6357143
4/26/2006	382.58
5/3/2006	382.0614286
5/10/2006	383.0714286
5/17/2006	382.9815476
5/24/2006	383.0210714
5/31/2006	382.3740476
6/7/2006	382.4567857
6/14/2006	382.2928571
6/21/2006	381.8828571
6/28/2006	381.2957143
7/5/2006	381.2721429
7/12/2006	380.7466667
7/19/2006	379.6971429
7/26/2006	379.1504762
8/2/2006	378.2917857
8/9/2006	377.2457143
8/16/2006	378.4141667
8/23/2006	377.8860714
8/30/2006	377.8153571
9/6/2006	378.217619
9/13/2006	377.9661905
9/20/2006	378.8303571
9/27/2006	378.2853571
10/4/2006	379.1232143
10/11/2006	378.9214286
10/18/2006	380.0757143
10/25/2006	380.4355952
11/1/2006	380.127381
11/8/2006	381.0263095
11/15/2006	380.5583333
11/22/2006	380.9634524
11/29/2006	381.4164286
12/6/2006	381.4660714
12/13/2006	382.1371429
12/20/2006	382.3446429
12/27/2006	382.5214286
1/3/2007	383.3035714
1/10/2007	383.4882143
1/17/2007	384.147619
1/24/2007	384.327619
1/31/2007	383.7320238
2/7/2007	383.4453571
2/14/2007	383.6342857
2/21/2007	383.4942857
2/28/2007	383.5671429
3/7/2007	383.6389286
3/14/2007	384.1995238
3/21/2007	384.2914286
3/28/2007	384.3696429
4/4/2007	384.6342857
4/11/2007	384.2915476
4/18/2007	384.5190476
4/25/2007	384.8803571
5/2/2007	384.4192857
5/9/2007	384.2617857
5/16/2007	384.7460714
5/23/2007	384.9010714
5/30/2007	384.7428571
6/6/2007	384.5528571
6/13/2007	384.0342857
6/20/2007	383.8967857
6/27/2007	383.2986905
7/4/2007	382.7871429
7/11/2007	382.2975
7/18/2007	381.3367857
7/25/2007	380.815
8/1/2007	380.740119
8/8/2007	380.0008333
8/15/2007	380.5427381
8/22/2007	379.5485714
8/29/2007	379.6425
9/5/2007	379.6882143
9/12/2007	380.6619048
9/19/2007	381.0302381
9/26/2007	380.5003571
10/3/2007	380.6364286
10/10/2007	380.9969048
10/17/2007	381.1841667
10/24/2007	381.7871429
10/31/2007	382.5267857
11/7/2007	382.5025
11/14/2007	383.5229762
11/21/2007	382.96
11/28/2007	383.5379762
12/5/2007	383.8195238
12/12/2007	384.2621429
12/19/2007	384.6353571
12/26/2007	384.6178571
1/2/2008	384.7863095
1/9/2008	385.2985714
1/16/2008	385.4107143
1/23/2008	385.0903571
1/30/2008	384.8457143
2/6/2008	386.0925
2/13/2008	385.8828571
2/20/2008	385.9521429
2/27/2008	386.0130952
3/5/2008	386.1196429
3/12/2008	385.915
3/19/2008	385.7682143
3/26/2008	386.0021429
4/2/2008	386.4103571
4/9/2008	386.6819048
4/16/2008	385.9810714
4/23/2008	386.3758333
4/30/2008	386.2317857
5/7/2008	386.4658333
5/14/2008	386.9471429
5/21/2008	386.2819048
5/28/2008	387.0675
6/4/2008	386.7085714
6/11/2008	386.3375
6/18/2008	385.3314286
6/25/2008	385.0346429
7/2/2008	384.352381
7/9/2008	383.5066667
7/16/2008	382.7904762
7/23/2008	383.0911905
7/30/2008	383.8335714
8/6/2008	383.4044048
8/13/2008	383.7559524
8/20/2008	383.395
8/27/2008	382.0969048
9/3/2008	381.4646429
9/10/2008	381.6142857
9/17/2008	381.6595238
9/24/2008	382.3082143
10/1/2008	382.5035714
10/8/2008	382.7782143
10/15/2008	382.9483333
10/22/2008	383.5829762
10/29/2008	383.780119
11/5/2008	384.4832143
11/12/2008	384.5525
11/19/2008	385.1117857
11/26/2008	385.7675
12/3/2008	385.5190476
12/10/2008	385.5770238
12/17/2008	386.4314286
12/24/2008	386.4328571
12/31/2008	385.8255952
1/7/2009	386.8814286
1/14/2009	387.4157143
1/21/2009	387.37
1/28/2009	387.04
2/4/2009	387.2610714
2/11/2009	387.2007143
2/18/2009	387.2021429
2/25/2009	386.872619
3/4/2009	387.8985714
3/11/2009	387.6510714
3/18/2009	387.86
3/25/2009	387.7360714
4/1/2009	387.8578571
4/8/2009	388.2592857
4/15/2009	388.0439286
4/22/2009	388.4094048
4/29/2009	388.2539286
5/6/2009	388.0189286
5/13/2009	388.4621429
5/20/2009	388.4188095
5/27/2009	388.2471429
6/3/2009	388.1407143
6/10/2009	387.405119
6/17/2009	387.2146429
6/24/2009	386.9710714
7/1/2009	386.8120238
7/8/2009	386.4622619
7/15/2009	385.5055952
7/22/2009	385.3247619
7/29/2009	384.1005952
8/5/2009	383.8977381
8/12/2009	383.1678571
8/19/2009	382.8517857
8/26/2009	382.9245238
9/2/2009	383.1434524
9/9/2009	383.3955952
9/16/2009	383.1011905
9/23/2009	383.6078571
9/30/2009	383.660119
10/7/2009	383.0985714
10/14/2009	385.07
10/21/2009	385.0647619
10/28/2009	385.1989286
11/4/2009	385.5880952
11/11/2009	385.6332143
11/18/2009	386.05
11/25/2009	386.4904762
12/2/2009	387.1495238
12/9/2009	387.2445238
12/16/2009	387.5508333
12/23/2009	387.3240476
12/30/2009	387.6525
1/6/2010	388.132619
1/13/2010	388.2828571
1/20/2010	388.4811905
1/27/2010	388.6578571
2/3/2010	388.6819048
2/10/2010	388.5833333
2/17/2010	389.1375
2/24/2010	388.995119
3/3/2010	389.1314286
3/10/2010	389.1510714
3/17/2010	389.3214286
3/24/2010	389.1854762
3/31/2010	389.8511905
4/7/2010	389.865
4/14/2010	390.3547619
4/21/2010	391.4847619
4/28/2010	391.4504762
5/5/2010	391.1780952
5/12/2010	391.202381
5/19/2010	391.157619
5/26/2010	391.097619
6/2/2010	391.13
6/9/2010	390.8566667
6/16/2010	389.7790476
6/23/2010	389.8509524
6/30/2010	388.859881
7/7/2010	388.2696429
7/14/2010	387.7522619
7/21/2010	387.2155952
7/28/2010	386.6395238
8/4/2010	386.634881
8/11/2010	386.0860714
8/18/2010	385.8114286
8/25/2010	386.0863095
9/1/2010	385.6871429
9/8/2010	385.8779762
9/15/2010	386.6439286
9/22/2010	386.7335714
9/29/2010	386.3635714
10/6/2010	386.6625
10/13/2010	387.0839286
10/20/2010	387.4821429
10/27/2010	388.1339286
11/3/2010	388.1870238
11/10/2010	388.5064286
11/17/2010	389.0957143
11/24/2010	389.9585714
12/1/2010	389.354881
12/8/2010	390.2571429
12/15/2010	390.2911905
12/22/2010	390.9638095
12/29/2010	391.0969048
1/5/2011	390.7090476
1/12/2011	391.1134524
1/19/2011	390.9992857
1/26/2011	392.3320238
2/2/2011	390.9527381
2/9/2011	391.5504762
2/16/2011	391.3646429
2/23/2011	391.3096429
3/2/2011	391.4733333
3/9/2011	391.9297619
3/16/2011	392.2519048
3/23/2011	392.3457143
3/30/2011	392.877619
4/6/2011	392.5021429
4/13/2011	392.757619
4/20/2011	393.107619
4/27/2011	392.9
5/4/2011	391.5045238
5/11/2011	393.167619
5/18/2011	392.9990476
5/25/2011	391.6704762
6/1/2011	391.8642857
6/8/2011	391.7895238
6/15/2011	391.6096429
6/22/2011	391.0866667
6/29/2011	390.6960714
7/6/2011	390.5271429
7/13/2011	389.8102381
7/20/2011	389.6177381
7/27/2011	387.8552381
8/3/2011	388.3039286
8/10/2011	387.6364286
8/17/2011	387.3317857
8/24/2011	386.9065476
8/31/2011	387.1659524
9/7/2011	387.3860714
9/14/2011	388.0141667
9/21/2011	387.8335714
9/28/2011	387.7988095
10/5/2011	388.6096429
10/12/2011	388.5475
10/19/2011	389.1814286
10/26/2011	389.5353571
11/2/2011	389.9453571
11/9/2011	390.1866667
11/16/2011	390.7155952
11/23/2011	391.8445238
11/30/2011	391.7358333
12/7/2011	391.5288095
12/14/2011	392.37
12/21/2011	392.6264286
12/28/2011	392.5415476
1/4/2012	392.8067857
1/11/2012	393.2478571
1/18/2012	393.1172619
1/25/2012	393.1314286
2/1/2012	393.1379762
2/8/2012	393.2082143
2/15/2012	392.9510714
2/22/2012	393.2525
2/29/2012	393.4539286
3/7/2012	393.2691667
3/14/2012	393.2571429
3/21/2012	393.7839286
3/28/2012	393.9517857
4/4/2012	393.8436905
4/11/2012	394.7216667
4/18/2012	394.1425
4/25/2012	394.2628571
5/2/2012	394.2614286
5/9/2012	394.645119
5/16/2012	395.0427381
5/23/2012	395.2619048
5/30/2012	393.7235714
6/6/2012	393.9875
6/13/2012	393.4564286
6/20/2012	393.2460714
6/27/2012	392.2907143
7/4/2012	391.6307143
7/11/2012	391.515
7/18/2012	390.7671429
7/25/2012	390.824881
8/1/2012	389.0428571
8/8/2012	389.1817857
8/15/2012	389.0288095
8/22/2012	390.0378571
8/29/2012	390.0529762
9/5/2012	389.3267857
9/12/2012	389.225
9/19/2012	389.9025
9/26/2012	390.539881
10/3/2012	390.7741667
10/10/2012	391.3477381
10/17/2012	390.8854762
10/24/2012	392.2071429
10/31/2012	392.139881
11/7/2012	392.6989286
11/14/2012	393.7414286
11/21/2012	393.6683333
11/28/2012	393.7089286
12/5/2012	392.9827381
12/12/2012	395.2233333
12/19/2012	395.3240476
12/26/2012	394.4341667
